,Timestamp,age,Gender,Purchase_Frequency,Purchase_Categories,Personalized_Recommendation_Frequency,Browsing_Frequency,Product_Search_Method,Search_Result_Exploration,Customer_Reviews_Importance,Add_to_Cart_Browsing,Cart_Completion_Frequency,Cart_Abandonment_Factors,Saveforlater_Frequency,Review_Left,Review_Reliability,Review_Helpfulness,Personalized_Recommendation_Frequency_[0],Recommendation_Helpfulness,Rating_Accuracy,Shopping_Satisfaction,Service_Appreciation,Improvement_Areas,id,age_group
0,2023/06/04 9:10:51 PM GMT+5:30,23,Female,Few times a month,Beauty and Personal Care;Clothing and Fashion;others,No,Few times a month,Keyword,Multiple pages,1,Maybe,Rarely,others,Rarely,Yes,Heavily,Yes,3,Sometimes,1,1,Competitive prices,Customer service responsiveness,2,16-24
1,2023/06/06 4:46:25 PM GMT+5:30,38,Female,Once a month,Beauty and Personal Care;Home and Kitchen,No,Few times a month,Keyword,Multiple pages,2,Yes,Often,Changed my mind or no longer need the item,Never,Yes,Moderately,Sometimes,4,Sometimes,4,2,Wide product selection,Product quality and accuracy,7,25-54
2,2023/06/05 4:46:52 PM GMT+5:30,23,Female,Less than once a month,Home and Kitchen,Yes,Few times a month,Keyword,Multiple pages,1,Yes,Sometimes,Changed my mind or no longer need the item,Rarely,No,Heavily,Yes,3,Yes,2,2,Wide product selection,Product quality and accuracy,9,16-24
3,2023/06/04 9:29:59 PM GMT+5:30,23,Female,Less than once a month,Beauty and Personal Care,No,Few times a month,categories,Multiple pages,4,Yes,Sometimes,Found a better price elsewhere,Rarely,No,Occasionally,Sometimes,3,Yes,3,5,Wide product selection,Reducing packaging waste,11,16-24
4,2023/06/06 6:32:00 PM GMT+5:30,38,Female,Less than once a month,Beauty and Personal Care;Clothing and Fashion;Home and Kitchen,No,Few times a month,categories,First page,3,No,Sometimes,Found a better price elsewhere,Rarely,No,Moderately,No,4,No,4,2,Product recommendations,Shipping speed and reliability,14,25-54
5,2023/06/04 9:48:15 PM GMT+5:30,24,Female,Less than once a month,Clothing and Fashion,Yes,Few times a month,Keyword,Multiple pages,4,Yes,Sometimes,Found a better price elsewhere,Rarely,No,Occasionally,Yes,4,Yes,5,4,Competitive prices,Reducing packaging waste,17,16-24
6,2023/06/04 2:30:44 PM GMT+5:30,23,Female,Once a month,Clothing and Fashion,Yes,Few times a month,Keyword,Multiple pages,1,Yes,Often,High shipping costs,Rarely,No,Heavily,Yes,2,Sometimes,3,2,Wide product selection,Reducing packaging waste,20,16-24
7,2023/06/04 5:13:00 PM GMT+5:30,24,Female,Once a month,Beauty and Personal Care;Clothing and Fashion;others,Sometimes,Few times a month,Keyword,First page,5,Maybe,Sometimes,Found a better price elsewhere,Sometimes,Yes,Heavily,Yes,3,Sometimes,3,4,Competitive prices,Product quality and accuracy,22,16-24
8,2023/06/04 5:28:06 PM GMT+5:30,22,Female,Less than once a month,Beauty and Personal Care;Clothing and Fashion,Yes,Few times a month,Filter,Multiple pages,1,Yes,Sometimes,High shipping costs,Rarely,No,Heavily,Yes,4,Yes,2,2,Competitive prices,Product quality and accuracy,23,16-24
9,2023/06/05 12:05:20 AM GMT+5:30,26,Female,Less than once a month,others,Yes,Few times a month,Keyword,Multiple pages,1,Yes,Sometimes,High shipping costs,Sometimes,Yes,Moderately,Yes,1,Yes,2,2,Competitive prices,Product quality and accuracy,47,25-54
10,2023/06/05 12:37:54 AM GMT+5:30,30,Female,Once a month,Home and Kitchen,No,Few times a month,Filter,Multiple pages,2,Yes,Sometimes,Found a better price elsewhere,Often,Yes,Moderately,Yes,1,No,4,1,User-friendly website/app interface,Reducing packaging waste,51,25-54
11,2023/06/05 12:39:14 AM GMT+5:30,22,Female,Less than once a month,Beauty and Personal Care;others,No,Few times a month,others,Multiple pages,1,Yes,Rarely,Found a better price elsewhere,Often,No,Moderately,Sometimes,5,Yes,3,2,User-friendly website/app interface,Product quality and accuracy,56,16-24
12,2023/06/06 6:42:00 PM GMT+5:30,35,Female,Once a week,Beauty and Personal Care,No,Few times a month,categories,First page,3,No,Rarely,Changed my mind or no longer need the item,Sometimes,No,Occasionally,No,2,Sometimes,4,3,Product recommendations,Product quality and accuracy,64,25-54
13,2023/06/04 7:23:21 PM GMT+5:30,20,Female,Less than once a month,Beauty and Personal Care;Clothing and Fashion,Sometimes,Few times a month,Keyword,First page,1,Yes,Sometimes,Changed my mind or no longer need the item,Often,No,Moderately,Yes,2,Yes,2,2,Wide product selection,Reducing packaging waste,65,16-24
14,2023/06/05 4:26:25 AM GMT+5:30,23,Female,Few times a month,Beauty and Personal Care;Clothing and Fashion;Home and Kitchen,Yes,Few times a month,Keyword,Multiple pages,5,Yes,Sometimes,High shipping costs,Always,No,Heavily,Yes,4,Yes,4,4,Wide product selection,Product quality and accuracy,66,16-24
15,2023/06/05 7:16:40 AM GMT+5:30,24,Female,Less than once a month,Clothing and Fashion,Sometimes,Few times a month,Filter,Multiple pages,3,Maybe,Rarely,Changed my mind or no longer need the item,Sometimes,No,Occasionally,Sometimes,3,Sometimes,3,3,Product recommendations,Product quality and accuracy,69,16-24
16,2023/06/06 6:43:02 PM GMT+5:30,37,Female,Few times a month,Groceries and Gourmet Food;Beauty and Personal Care;Clothing and Fashion;Home and Kitchen,No,Few times a month,categories,Multiple pages,2,No,Often,Found a better price elsewhere,Often,No,Moderately,No,2,No,1,1,Product recommendations,Reducing packaging waste,70,25-54
17,2023/06/04 7:45:33 PM GMT+5:30,22,Female,Less than once a month,Clothing and Fashion,No,Few times a month,categories,Multiple pages,1,Maybe,Sometimes,Found a better price elsewhere,Sometimes,No,Heavily,Yes,3,Sometimes,3,2,Competitive prices,Shipping speed and reliability,75,16-24
18,2023/06/05 9:56:58 AM GMT+5:30,23,Female,Once a month,Beauty and Personal Care;Home and Kitchen,No,Few times a month,Keyword,Multiple pages,1,Yes,Rarely,Changed my mind or no longer need the item,Never,No,Heavily,Yes,5,No,4,3,Competitive prices,Customer service responsiveness,80,16-24
19,2023/06/05 10:37:36 AM GMT+5:30,24,Female,Less than once a month,Beauty and Personal Care;Clothing and Fashion,No,Few times a month,Keyword,Multiple pages,1,Yes,Often,Found a better price elsewhere,Rarely,No,Heavily,Yes,1,Yes,2,2,User-friendly website/app interface,Shipping speed and reliability,82,16-24
20,2023/06/05 10:53:16 AM GMT+5:30,21,Female,Few times a month,Home and Kitchen,No,Few times a month,Keyword,First page,1,Yes,Rarely,Changed my mind or no longer need the item,Often,Yes,Heavily,Yes,1,Sometimes,3,1,User-friendly website/app interface,Reducing packaging waste,83,16-24
21,2023/06/05 11:20:41 AM GMT+5:30,23,Female,Less than once a month,Clothing and Fashion,No,Few times a month,Keyword,Multiple pages,1,Maybe,Rarely,Changed my mind or no longer need the item,Never,No,Moderately,Yes,3,Sometimes,3,3,Wide product selection,Reducing packaging waste,84,16-24
22,2023/06/04 8:00:11 PM GMT+5:30,23,Female,Less than once a month,Beauty and Personal Care;Clothing and Fashion,No,Few times a month,Keyword,First page,1,Maybe,Sometimes,Changed my mind or no longer need the item,Rarely,No,Heavily,Sometimes,2,No,3,2,Competitive prices,Product quality and accuracy,86,16-24
23,2023/06/05 1:27:08 PM GMT+5:30,23,Female,Few times a month,Beauty and Personal Care;Clothing and Fashion,Yes,Few times a month,Keyword,Multiple pages,4,Yes,Sometimes,High shipping costs,Sometimes,Yes,Heavily,Yes,3,No,3,3,Product recommendations,Reducing packaging waste,88,16-24
24,2023/06/04 8:01:45 PM GMT+5:30,24,Female,Once a month,Clothing and Fashion;Home and Kitchen,No,Few times a month,Keyword,Multiple pages,1,Yes,Often,Changed my mind or no longer need the item,Often,Yes,Moderately,Yes,2,Yes,2,2,Wide product selection,Product quality and accuracy,89,16-24
25,2023/06/04 8:45:45 PM GMT+5:30,21,Female,Less than once a month,Clothing and Fashion,No,Few times a month,Keyword,Multiple pages,1,Maybe,Sometimes,others,Never,No,Heavily,Yes,2,Yes,2,1,Wide product selection,Shipping speed and reliability,93,16-24
26,2023/06/04 8:46:02 PM GMT+5:30,23,Female,Few times a month,Beauty and Personal Care;Home and Kitchen,Sometimes,Few times a month,Keyword,Multiple pages,1,Yes,Sometimes,High shipping costs,Rarely,No,Moderately,Yes,2,Sometimes,3,2,Wide product selection,Customer service responsiveness,94,16-24
27,2023/06/04 8:52:49 PM GMT+5:30,23,Female,Once a month,Clothing and Fashion,No,Few times a month,others,First page,1,Yes,Sometimes,Found a better price elsewhere,Sometimes,No,Heavily,Yes,3,Sometimes,3,2,User-friendly website/app interface,Customer service responsiveness,105,16-24
29,2023/06/06 7:40:11 PM GMT+5:30,35,Female,Few times a month,Beauty and Personal Care,No,Few times a month,categories,First page,3,Maybe,Rarely,Found a better price elsewhere,Often,Yes,Occasionally,No,2,No,4,2,Product recommendations,Reducing packaging waste,117,25-54
30,2023/06/06 11:06:30 PM GMT+5:30,23,Female,Less than once a month,Clothing and Fashion;Home and Kitchen,No,Few times a month,Keyword,First page,1,Yes,Sometimes,Found a better price elsewhere,Sometimes,No,Moderately,Yes,2,Yes,2,2,Competitive prices,Shipping speed and reliability,131,16-24
31,2023/06/07 3:08:03 AM GMT+5:30,23,Female,Few times a month,Clothing and Fashion,No,Few times a month,Filter,Multiple pages,1,Yes,Sometimes,Found a better price elsewhere,Sometimes,No,Heavily,Sometimes,4,Yes,3,4,User-friendly website/app interface,Product quality and accuracy,134,16-24
32,2023/06/07 9:24:31 AM GMT+5:30,36,Female,Few times a month,Groceries and Gourmet Food,No,Few times a month,Keyword,Multiple pages,2,No,Often,Found a better price elsewhere,Sometimes,Yes,Occasionally,No,3,Sometimes,3,4,Wide product selection,Customer service responsiveness,138,25-54
33,2023/06/07 9:27:03 AM GMT+5:30,23,Female,Few times a month,Clothing and Fashion,Sometimes,Few times a month,Filter,Multiple pages,3,No,Rarely,Found a better price elsewhere,Sometimes,Yes,Occasionally,Yes,3,No,3,3,Product recommendations,Customer service responsiveness,140,16-24
34,2023/06/07 11:41:56 AM GMT+5:30,37,Female,Once a month,Clothing and Fashion,Sometimes,Few times a month,categories,Multiple pages,1,Yes,Sometimes,Changed my mind or no longer need the item,Often,No,Heavily,Yes,4,Sometimes,2,3,Wide product selection,Product quality and accuracy,146,25-54
35,2023/06/06 9:37:33 AM GMT+5:30,23,Female,Less than once a month,Beauty and Personal Care;others,Sometimes,Few times a month,Keyword,Multiple pages,1,Yes,Sometimes,Changed my mind or no longer need the item,Rarely,No,Heavily,Yes,2,Yes,2,1,Wide product selection,Reducing packaging waste,150,16-24
36,2023/06/06 10:19:05 AM GMT+5:30,26,Female,Less than once a month,others,No,Few times a month,Keyword,Multiple pages,1,Yes,Sometimes,High shipping costs,Often,Yes,Moderately,Yes,1,Yes,2,1,Product recommendations,Shipping speed and reliability,170,25-54
37,2023/06/06 11:20:53 AM GMT+5:30,23,Female,Once a month,Beauty and Personal Care;Clothing and Fashion;Home and Kitchen,Yes,Few times a month,Keyword,Multiple pages,2,Yes,Often,High shipping costs,Often,Yes,Moderately,Yes,2,Yes,3,4,Competitive prices,Reducing packaging waste,180,16-24
38,2023/06/07 2:22:14 PM GMT+5:30,23,Female,Less than once a month,Beauty and Personal Care;Clothing and Fashion,No,Few times a month,Keyword,Multiple pages,4,Yes,Rarely,Changed my mind or no longer need the item,Sometimes,No,Heavily,Yes,4,Yes,3,4,User-friendly website/app interface,Shipping speed and reliability,193,16-24
39,2023/06/07 2:33:56 PM GMT+5:30,29,Female,Less than once a month,Clothing and Fashion,Yes,Few times a month,others,First page,1,Maybe,Sometimes,High shipping costs,Sometimes,Yes,Moderately,Yes,1,Yes,1,3,Wide product selection,Product quality and accuracy,196,25-54
40,2023/06/06 3:02:38 PM GMT+5:30,23,Female,Less than once a month,Clothing and Fashion;others,No,Few times a month,Keyword,Multiple pages,2,Yes,Often,Changed my mind or no longer need the item,Rarely,No,Moderately,Yes,2,Sometimes,2,1,Wide product selection,Shipping speed and reliability,197,16-24
41,2023/06/07 3:56:01 PM GMT+5:30,23,Female,Few times a month,Beauty and Personal Care;others,No,Few times a month,categories,Multiple pages,1,Yes,Sometimes,Found a better price elsewhere,Rarely,No,Occasionally,Yes,1,Sometimes,3,2,Product recommendations,Product quality and accuracy,200,16-24
42,2023/06/07 4:46:12 PM GMT+5:30,23,Female,Once a month,Beauty and Personal Care;Clothing and Fashion,No,Few times a month,categories,Multiple pages,4,Yes,Sometimes,Found a better price elsewhere,Sometimes,No,Heavily,Yes,3,Sometimes,4,3,User-friendly website/app interface,Reducing packaging waste,203,16-24
43,2023/06/07 6:15:10 PM GMT+5:30,23,Female,Few times a month,Beauty and Personal Care;Home and Kitchen,No,Few times a month,categories,Multiple pages,3,Maybe,Sometimes,Changed my mind or no longer need the item,Sometimes,Yes,Occasionally,No,3,No,2,2,Product recommendations,Reducing packaging waste,206,16-24
44,2023/06/07 6:17:42 PM GMT+5:30,23,Female,Once a month,Clothing and Fashion;Home and Kitchen,Sometimes,Few times a month,Filter,First page,3,Maybe,Sometimes,Changed my mind or no longer need the item,Sometimes,Yes,Occasionally,No,3,No,3,3,Product recommendations,Reducing packaging waste,208,16-24
45,2023/06/07 6:18:37 PM GMT+5:30,23,Female,Once a week,Beauty and Personal Care,No,Few times a month,categories,Multiple pages,2,No,Often,Found a better price elsewhere,Sometimes,No,Occasionally,Sometimes,3,No,3,2,Product recommendations,Customer service responsiveness,209,16-24
46,2023/06/07 6:20:00 PM GMT+5:30,21,Female,Once a month,Clothing and Fashion;Home and Kitchen,No,Few times a month,Filter,Multiple pages,4,Maybe,Sometimes,Found a better price elsewhere,Rarely,Yes,Moderately,No,2,No,2,4,Competitive prices,Customer service responsiveness,210,16-24
47,2023/06/07 9:35:23 PM GMT+5:30,23,Female,Less than once a month,Beauty and Personal Care;others,No,Few times a month,Keyword,Multiple pages,5,Yes,Sometimes,Found a better price elsewhere,Always,No,Heavily,Yes,5,No,4,1,Wide product selection,Shipping speed and reliability,215,16-24
48,2023/06/07 10:10:58 PM GMT+5:30,34,Female,Once a week,Clothing and Fashion;Home and Kitchen,No,Few times a month,Filter,First page,2,No,Sometimes,Changed my mind or no longer need the item,Often,Yes,Moderately,No,3,Sometimes,3,3,Competitive prices,Customer service responsiveness,224,25-54
49,2023/06/07 6:29:53 PM GMT+5:30,23,Female,Once a week,Beauty and Personal Care,No,Few times a month,Filter,Multiple pages,3,No,Sometimes,Found a better price elsewhere,Sometimes,No,Occasionally,Sometimes,3,No,3,2,Product recommendations,Reducing packaging waste,227,16-24
50,2023/06/07 6:31:23 PM GMT+5:30,27,Female,Once a week,Beauty and Personal Care,No,Few times a month,categories,Multiple pages,2,No,Sometimes,Changed my mind or no longer need the item,Sometimes,No,Rarely,Sometimes,3,No,2,1,Wide product selection,Customer service responsiveness,232,25-54
51,2023/06/07 9:19:32 PM GMT+5:30,44,Female,Once a week,Clothing and Fashion,Sometimes,Few times a month,categories,Multiple pages,2,Maybe,Sometimes,Found a better price elsewhere,Sometimes,Yes,Occasionally,No,5,Sometimes,4,3,Competitive prices,Customer service responsiveness,247,25-54
52,2023/06/07 9:21:10 PM GMT+5:30,23,Female,Few times a month,Clothing and Fashion;Home and Kitchen;others,Sometimes,Few times a month,Filter,Multiple pages,2,No,Always,Changed my mind or no longer need the item,Sometimes,Yes,Rarely,No,2,No,3,3,Competitive prices,Customer service responsiveness,248,16-24
53,2023/06/08 3:30:19 AM GMT+5:30,27,Female,Once a month,Groceries and Gourmet Food;Beauty and Personal Care;Clothing and Fashion;Home and Kitchen,No,Few times a month,categories,Multiple pages,1,Yes,Sometimes,Changed my mind or no longer need the item,Often,No,Heavily,No,1,No,2,2,Wide product selection,Product quality and accuracy,255,25-54
54,2023/06/08 12:22:05 PM GMT+5:30,18,Female,Once a month,Clothing and Fashion,No,Few times a month,Keyword,Multiple pages,2,No,Sometimes,Changed my mind or no longer need the item,Always,Yes,Heavily,Yes,1,Yes,5,3,User-friendly website/app interface,Shipping speed and reliability,265,16-24
55,2023/06/08 2:21:41 PM GMT+5:30,26,Female,Once a week,Beauty and Personal Care,Yes,Few times a month,categories,Multiple pages,1,Yes,Often,Found a better price elsewhere,Sometimes,Yes,Moderately,Yes,1,Yes,1,1,Wide product selection,Product quality and accuracy,266,25-54
57,2023/06/07 11:06:40 PM GMT+5:30,22,Female,Once a week,Clothing and Fashion,Sometimes,Few times a month,Filter,Multiple pages,3,Maybe,Sometimes,Found a better price elsewhere,Sometimes,Yes,Occasionally,Sometimes,3,Sometimes,3,3,Product recommendations,Reducing packaging waste,284,16-24
58,2023/06/08 3:26:03 AM GMT+5:30,33,Female,Multiple times a week,Groceries and Gourmet Food;Beauty and Personal Care;Clothing and Fashion;Home and Kitchen;others,No,Few times a month,categories,Multiple pages,1,Yes,Always,Changed my mind or no longer need the item,Often,Yes,Moderately,Yes,2,No,3,2,Wide product selection,Reducing packaging waste,306,25-54
59,2023/06/08 5:33:12 PM GMT+5:30,23,Female,Few times a month,Groceries and Gourmet Food;Beauty and Personal Care,Sometimes,Few times a month,Keyword,Multiple pages,1,Yes,Often,Found a better price elsewhere,Never,Yes,Moderately,Yes,2,No,2,1,User-friendly website/app interface,Shipping speed and reliability,322,16-24
60,2023/06/08 5:37:58 PM GMT+5:30,34,Female,Few times a month,Groceries and Gourmet Food;Beauty and Personal Care;Clothing and Fashion;Home and Kitchen;others,Sometimes,Few times a month,categories,Multiple pages,3,Maybe,Sometimes,Changed my mind or no longer need the item,Often,Yes,Occasionally,No,2,Sometimes,3,3,Product recommendations,Customer service responsiveness,330,25-54
61,2023/06/08 9:17:38 PM GMT+5:30,21,Female,Less than once a month,Beauty and Personal Care;Clothing and Fashion,Yes,Few times a month,Keyword,Multiple pages,2,Yes,Sometimes,Changed my mind or no longer need the item,Rarely,No,Moderately,Yes,1,Yes,2,2,User-friendly website/app interface,Product quality and accuracy,336,16-24
62,2023/06/08 9:39:30 PM GMT+5:30,34,Female,Few times a month,Home and Kitchen,No,Few times a month,categories,First page,3,No,Always,Found a better price elsewhere,Sometimes,No,Occasionally,No,1,No,3,3,Product recommendations,Reducing packaging waste,338,25-54
63,2023/06/08 10:38:16 PM GMT+5:30,34,Female,Few times a month,Clothing and Fashion,Sometimes,Few times a month,categories,Multiple pages,3,Maybe,Rarely,Changed my mind or no longer need the item,Rarely,No,Never,Sometimes,5,No,1,3,Product recommendations,Reducing packaging waste,352,25-54
64,2023/06/08 10:40:33 PM GMT+5:30,34,Female,Once a week,Beauty and Personal Care,Sometimes,Few times a month,Keyword,Multiple pages,4,Maybe,Often,Found a better price elsewhere,Sometimes,Yes,Occasionally,Sometimes,3,No,2,2,Product recommendations,Reducing packaging waste,360,25-54
65,2023/06/09 9:34:07 AM GMT+5:30,21,Female,Once a week,Beauty and Personal Care,Sometimes,Few times a month,Filter,Multiple pages,2,Maybe,Often,Found a better price elsewhere,Often,No,Occasionally,No,2,Sometimes,2,2,Competitive prices,Customer service responsiveness,370,16-24
66,2023/06/09 9:35:19 AM GMT+5:30,21,Female,Once a week,Groceries and Gourmet Food;Beauty and Personal Care;Home and Kitchen,Yes,Few times a month,Keyword,First page,2,No,Sometimes,Changed my mind or no longer need the item,Rarely,Yes,Moderately,Yes,3,Sometimes,1,1,Product recommendations,Reducing packaging waste,375,16-24
67,2023/06/08 5:54:05 PM GMT+5:30,36,Female,Few times a month,Groceries and Gourmet Food;Beauty and Personal Care;Clothing and Fashion,Yes,Few times a month,categories,First page,3,No,Sometimes,Changed my mind or no longer need the item,Often,Yes,Rarely,Sometimes,2,Yes,2,1,Product recommendations,Customer service responsiveness,376,25-54
68,2023/06/09 9:37:15 AM GMT+5:30,21,Female,Few times a month,Beauty and Personal Care,Sometimes,Few times a month,categories,Multiple pages,3,Maybe,Sometimes,Changed my mind or no longer need the item,Rarely,Yes,Rarely,Sometimes,2,Sometimes,3,3,Product recommendations,Reducing packaging waste,380,16-24
69,2023/06/09 9:37:44 AM GMT+5:30,23,Female,Once a week,Clothing and Fashion,Sometimes,Few times a month,Filter,Multiple pages,3,Maybe,Sometimes,Changed my mind or no longer need the item,Sometimes,No,Occasionally,Sometimes,2,No,4,3,Product recommendations,Customer service responsiveness,381,16-24
70,2023/06/09 9:38:31 AM GMT+5:30,21,Female,Once a week,Groceries and Gourmet Food;Clothing and Fashion;others,Sometimes,Few times a month,categories,Multiple pages,3,Maybe,Sometimes,Found a better price elsewhere,Sometimes,No,Moderately,Sometimes,3,Sometimes,3,4,Product recommendations,Reducing packaging waste,382,16-24
71,2023/06/09 9:39:04 AM GMT+5:30,32,Female,Once a month,others,Sometimes,Few times a month,others,First page,2,No,Rarely,others,Rarely,Yes,Moderately,No,3,No,3,3,Product recommendations,Customer service responsiveness,385,25-54
72,2023/06/08 5:58:43 PM GMT+5:30,45,Female,Multiple times a week,Beauty and Personal Care;Clothing and Fashion;Home and Kitchen,No,Few times a month,categories,First page,3,Maybe,Never,High shipping costs,Sometimes,No,Occasionally,No,3,No,2,3,Product recommendations,Reducing packaging waste,390,25-54
73,2023/06/09 10:23:05 AM GMT+5:30,23,Female,Once a week,Clothing and Fashion,No,Few times a month,categories,Multiple pages,2,Yes,Often,Found a better price elsewhere,Often,No,Occasionally,Yes,1,Sometimes,4,2,Product recommendations,Reducing packaging waste,392,16-24
74,2023/06/09 10:24:58 AM GMT+5:30,35,Female,Few times a month,Clothing and Fashion;Home and Kitchen,Sometimes,Few times a month,categories,Multiple pages,4,Maybe,Rarely,Found a better price elsewhere,Sometimes,Yes,Occasionally,Sometimes,2,Sometimes,3,2,Product recommendations,Reducing packaging waste,394,25-54
75,2023/06/08 6:00:20 PM GMT+5:30,42,Female,Once a month,Groceries and Gourmet Food;Beauty and Personal Care;Clothing and Fashion;Home and Kitchen;others,Sometimes,Few times a month,Keyword,Multiple pages,1,Maybe,Always,High shipping costs,Often,Yes,Moderately,Yes,1,No,2,2,Wide product selection,Customer service responsiveness,398,25-54
76,2023/06/08 6:00:50 PM GMT+5:30,35,Female,Multiple times a week,Clothing and Fashion;Home and Kitchen,No,Few times a month,categories,First page,4,Maybe,Sometimes,Changed my mind or no longer need the item,Often,No,Occasionally,Sometimes,3,No,3,4,Product recommendations,Customer service responsiveness,401,25-54
77,2023/06/05 1:32:57 PM GMT+5:30,25,Female,Once a month,Beauty and Personal Care,Sometimes,Few times a month,categories,Multiple pages,5,Maybe,Sometimes,Found a better price elsewhere,Often,No,Moderately,Sometimes,3,Sometimes,3,3,Wide product selection,Customer service responsiveness,403,25-54
78,2023/06/08 6:01:31 PM GMT+5:30,35,Female,Few times a month,Groceries and Gourmet Food;Clothing and Fashion;Home and Kitchen;others,No,Few times a month,others,First page,4,Maybe,Often,Found a better price elsewhere,Sometimes,Yes,Occasionally,Sometimes,4,Sometimes,4,3,Competitive prices,Customer service responsiveness,404,25-54
79,2023/06/09 10:26:51 AM GMT+5:30,34,Female,Few times a month,others,No,Few times a month,categories,First page,2,Maybe,Sometimes,Changed my mind or no longer need the item,Often,No,Occasionally,No,1,No,3,1,Competitive prices,Customer service responsiveness,407,25-54
80,2023/06/09 2:23:03 PM GMT+5:30,23,Female,Once a week,Beauty and Personal Care,Sometimes,Few times a month,categories,Multiple pages,2,Maybe,Sometimes,Changed my mind or no longer need the item,Sometimes,No,Occasionally,Sometimes,2,Sometimes,4,3,Product recommendations,Reducing packaging waste,411,16-24
81,2023/06/09 2:35:29 PM GMT+5:30,45,Female,Few times a month,Beauty and Personal Care;others,Sometimes,Few times a month,categories,First page,3,Maybe,Sometimes,Changed my mind or no longer need the item,Sometimes,Yes,Rarely,Sometimes,3,No,2,3,Product recommendations,Customer service responsiveness,417,25-54
82,2023/06/05 1:35:44 PM GMT+5:30,23,Female,Less than once a month,Beauty and Personal Care;Clothing and Fashion;Home and Kitchen,No,Few times a month,Keyword,First page,4,Yes,Sometimes,Changed my mind or no longer need the item,Sometimes,Yes,Rarely,Sometimes,3,Sometimes,3,3,User-friendly website/app interface,Product quality and accuracy,421,16-24
83,2023/06/09 10:58:44 AM GMT+5:30,34,Female,Few times a month,Groceries and Gourmet Food;Home and Kitchen,Sometimes,Few times a month,Filter,Multiple pages,3,Maybe,Rarely,Changed my mind or no longer need the item,Sometimes,Yes,Moderately,Yes,1,Sometimes,3,2,Competitive prices,Reducing packaging waste,422,25-54
84,2023/06/09 10:59:38 AM GMT+5:30,23,Female,Few times a month,Beauty and Personal Care;Home and Kitchen,Sometimes,Few times a month,Filter,Multiple pages,2,Maybe,Sometimes,Changed my mind or no longer need the item,Sometimes,No,Occasionally,Yes,3,Sometimes,3,4,Product recommendations,Reducing packaging waste,423,16-24
85,2023/06/09 2:40:21 PM GMT+5:30,45,Female,Few times a month,Groceries and Gourmet Food;Clothing and Fashion,Sometimes,Few times a month,categories,Multiple pages,3,Maybe,Sometimes,Changed my mind or no longer need the item,Rarely,Yes,Moderately,Sometimes,3,Sometimes,2,1,Competitive prices,Reducing packaging waste,432,25-54
86,2023/06/05 1:45:30 PM GMT+5:30,24,Female,Less than once a month,Beauty and Personal Care;Clothing and Fashion,Sometimes,Few times a month,categories,First page,3,Maybe,Sometimes,Changed my mind or no longer need the item,Sometimes,No,Occasionally,Sometimes,3,Yes,3,3,Product recommendations,Customer service responsiveness,433,16-24
87,2023/06/09 2:41:53 PM GMT+5:30,67,Female,Few times a month,Beauty and Personal Care,Sometimes,Few times a month,categories,Multiple pages,2,Maybe,Often,Changed my mind or no longer need the item,Sometimes,Yes,Moderately,Sometimes,1,Yes,3,3,Product recommendations,Customer service responsiveness,435,55-75
88,2023/06/05 2:10:33 PM GMT+5:30,23,Female,Few times a month,Beauty and Personal Care;Home and Kitchen;others,Sometimes,Few times a month,categories,First page,1,Yes,Sometimes,Found a better price elsewhere,Often,No,Heavily,Yes,2,Sometimes,3,3,Wide product selection,Product quality and accuracy,440,16-24
89,2023/06/10 2:41:51 PM GMT+5:30,23,Female,Multiple times a week,Clothing and Fashion,Sometimes,Few times a month,categories,Multiple pages,3,Maybe,Sometimes,Changed my mind or no longer need the item,Sometimes,No,Heavily,Sometimes,3,Sometimes,3,3,Product recommendations,Reducing packaging waste,443,16-24
90,2023/06/05 2:24:22 PM GMT+5:30,24,Female,Less than once a month,Beauty and Personal Care;Clothing and Fashion,Yes,Few times a month,Keyword,Multiple pages,1,Yes,Often,Changed my mind or no longer need the item,Often,Yes,Moderately,Yes,1,Yes,2,2,Competitive prices,Product quality and accuracy,462,16-24
91,2023/06/11 10:43:19 PM GMT+5:30,45,Female,Once a week,Beauty and Personal Care,Sometimes,Few times a month,categories,First page,3,Maybe,Rarely,Changed my mind or no longer need the item,Rarely,Yes,Moderately,Sometimes,3,Sometimes,1,1,Competitive prices,Reducing packaging waste,464,25-54
92,2023/06/11 10:54:33 PM GMT+5:30,35,Female,Few times a month,Beauty and Personal Care;Clothing and Fashion;Home and Kitchen,No,Few times a month,categories,Multiple pages,3,No,Sometimes,Changed my mind or no longer need the item,Often,No,Rarely,Sometimes,2,Sometimes,2,3,Wide product selection,Customer service responsiveness,492,25-54
93,2023/06/11 10:59:30 PM GMT+5:30,36,Female,Once a month,Groceries and Gourmet Food,Sometimes,Few times a month,categories,First page,3,Maybe,Sometimes,Found a better price elsewhere,Sometimes,No,Occasionally,No,3,Sometimes,3,3,Competitive prices,Reducing packaging waste,498,25-54
94,2023/06/11 11:01:04 PM GMT+5:30,40,Female,Few times a month,Groceries and Gourmet Food;Beauty and Personal Care,Yes,Few times a month,categories,Multiple pages,2,Maybe,Sometimes,Changed my mind or no longer need the item,Sometimes,Yes,Moderately,Sometimes,3,No,2,3,Wide product selection,Shipping speed and reliability,500,25-54
95,2023/06/11 11:03:34 PM GMT+5:30,27,Female,Few times a month,Beauty and Personal Care;Clothing and Fashion,No,Few times a month,Filter,First page,3,Maybe,Sometimes,Changed my mind or no longer need the item,Sometimes,No,Moderately,Sometimes,3,Sometimes,3,4,Wide product selection,Shipping speed and reliability,504,25-54
96,2023/06/09 3:19:53 PM GMT+5:30,23,Female,Few times a month,Beauty and Personal Care,Sometimes,Few times a month,categories,Multiple pages,3,Maybe,Sometimes,Found a better price elsewhere,Sometimes,Yes,Occasionally,Yes,3,Sometimes,3,3,Product recommendations,Reducing packaging waste,505,16-24
97,2023/06/11 11:04:55 PM GMT+5:30,46,Female,Few times a month,Clothing and Fashion;Home and Kitchen;others,Sometimes,Few times a month,categories,Multiple pages,3,No,Sometimes,Changed my mind or no longer need the item,Sometimes,No,Occasionally,Sometimes,2,Yes,2,3,Competitive prices,Reducing packaging waste,508,25-54
98,2023/06/09 3:26:38 PM GMT+5:30,23,Female,Once a month,Beauty and Personal Care,Sometimes,Few times a month,categories,Multiple pages,3,Maybe,Sometimes,Found a better price elsewhere,Sometimes,Yes,Moderately,Yes,3,Sometimes,3,3,Product recommendations,Customer service responsiveness,517,16-24
99,2023/06/06 7:18:52 PM GMT+5:30,18,Female,Once a week,Groceries and Gourmet Food;Beauty and Personal Care,No,Few times a month,categories,First page,3,Maybe,Sometimes,Found a better price elsewhere,Often,No,Rarely,No,4,No,4,4,Competitive prices,Reducing packaging waste,538,16-24
100,2023/06/06 7:21:26 PM GMT+5:30,19,Female,Few times a month,Beauty and Personal Care;Clothing and Fashion,No,Few times a month,categories,First page,3,No,Often,Found a better price elsewhere,Sometimes,No,Occasionally,No,2,No,3,2,Wide product selection,Customer service responsiveness,541,16-24
101,2023/06/12 3:53:28 PM GMT+5:30,23,Female,Once a month,Clothing and Fashion,Sometimes,Few times a month,Filter,Multiple pages,3,Maybe,Rarely,Changed my mind or no longer need the item,Sometimes,No,Occasionally,Sometimes,3,Sometimes,3,3,Competitive prices,Customer service responsiveness,546,16-24
102,2023/06/12 3:56:57 PM GMT+5:30,23,Female,Multiple times a week,Beauty and Personal Care,Sometimes,Few times a month,categories,Multiple pages,2,Maybe,Often,Found a better price elsewhere,Often,Yes,Moderately,Sometimes,3,Sometimes,3,5,Competitive prices,Customer service responsiveness,552,16-24
103,2023/06/11 11:19:12 PM GMT+5:30,35,Female,Few times a month,Beauty and Personal Care;Home and Kitchen,Sometimes,Few times a month,categories,First page,2,No,Often,High shipping costs,Sometimes,Yes,Rarely,Sometimes,3,Yes,2,1,Product recommendations,Product quality and accuracy,564,25-54
104,2023/06/12 9:57:20 PM GMT+5:30,23,Female,Few times a month,Beauty and Personal Care;Clothing and Fashion;others,Yes,Few times a month,Keyword,Multiple pages,1,Yes,Often,others,Sometimes,No,Heavily,Yes,2,Yes,2,2,Wide product selection,Product quality and accuracy,568,16-24
105,2023/06/11 11:21:30 PM GMT+5:30,36,Female,Once a week,Groceries and Gourmet Food;Beauty and Personal Care;Clothing and Fashion,No,Few times a month,categories,Multiple pages,1,No,Often,High shipping costs,Often,Yes,Moderately,Sometimes,1,Sometimes,1,2,Wide product selection,Product quality and accuracy,571,25-54
106,2023/06/11 11:26:54 PM GMT+5:30,32,Female,Few times a month,Groceries and Gourmet Food;Beauty and Personal Care,No,Few times a month,categories,First page,3,Maybe,Sometimes,Changed my mind or no longer need the item,Sometimes,No,Occasionally,Sometimes,3,No,3,3,Product recommendations,Customer service responsiveness,578,25-54
107,2023/06/12 2:48:55 PM GMT+5:30,45,Female,Few times a month,Beauty and Personal Care,Yes,Few times a month,others,Multiple pages,3,Maybe,Rarely,Found a better price elsewhere,Often,Yes,Occasionally,Yes,3,Sometimes,3,3,Product recommendations,Reducing packaging waste,587,25-54
108,2023/06/12 2:51:24 PM GMT+5:30,25,Female,Once a month,Beauty and Personal Care,Sometimes,Few times a month,Keyword,Multiple pages,3,Maybe,Sometimes,Found a better price elsewhere,Rarely,Yes,Moderately,Sometimes,3,Sometimes,3,3,Product recommendations,Customer service responsiveness,589,25-54
